bjp, btc
bjp, bjy
bjp, cct
bjp, csq
bjp, czh
bjp, cdp
bjp, cdw
bjp, cqw
bjp, dlt
bjp, dut
bjp, dtv
bjp, dhj
bjp, rlc
bjp, fzs
bjp, gzq
bjp, glz
bjp, giw
bjp, vuq
bjp, hzh
bjp, hhq
bjp, hfh
bjp, hkh
bjp, jgj
bjp, jnk
bjp, kff
bjp, kmm
bjp, lzj
bjp, lso
bjp, lyf
bjp, njs
bjp, ncg
bjp, hyq
bjp, bbh
bjp, qfk
bjp, nnz
bjp, pyv
bjp, qdk
bjp, qfk
bjp, shh
bjp, seq
bjp, shd
bjp, szq
bjp, syt
bjp, sjp
bjp, tid
bjp, tyv
bjp, tjp
bjp, tfr
bjp, was
bjp, whn
bjp, wrn
bjp, wsv
bjp, wxh
bjp, xms
bjp, xay
bjp, xno
bjp, xch
bjp, zyj
bjp, zzf
bjp, diq
bjp, rzh
bjp, ycn
bjp, yij
bjp, yak
bjp, hsy
bjp, ywh
bjp, rzh
bjp, ngh
bjp, jxp
bjp, ybb
bjp, wkk
dtv, pyv
dtv, tyv
dtv, xay
dtv, lfv
pyv, tyv
pyv, lyf
pyv, xay
pyv, wsv
tyv, lyf
tyv, shh
tyv, wsv
tyv, lzj
tyv, xno
tyv, njs
tyv, oxh
tyv, hzh
tyv, xay
tyv, diq
jac, pyv
jac, lfv
hmv, bjp
yiv, bjp
fzc, pyv
xay, csq
xay, czh
xay, cdw
xay, cqw
xay, dhj
xay, fzs
xay, gzq
xay, glz
xay, hzh
xay, hfh
xay, hhq
xay, hkh
xay, hsy
xay, jgj
xay, jiq
xay, kff
xay, kmm
xay, lzj
xay, lso
xay, lyf
xay, njs
xay, nnz
xay, shh
xay, szq
xay, snn
xay, wrn
xay, whn
xay, wxh
xay, was
xay, xms
xay, xno
xay, xch
xay, yij
xay, diq
xay, zyj
xay, zzf
xay, tjp
xay, sjp
xay, giw
xay, qdk
xay, qfk
xay, bbh
xay, jnk
xay, jgj
xay, tid
wkk, yak
lyf, zzf
lyf, kff
lyf, hkh
lyf, xch
lyf, hfh
lyf, hkh
lyf, csq
lyf, hyq
lyf, glz
lyf, kmm
lyf, nnz
lyf, hhq
lyf, diq
lyf, giw
lyf, njs
lyf, czh
lyf, wxh
lyf, shh
lyf, hzh
lyf, fzs
lyf, szq
lyf, gzq
lyf, whn
lyf, csq
lyf, qdk
lyf, qfk
lyf, hsy
lyf, bbh
lyf, cqw
lyf, cdw
lyf, jnk
lyf, hzh
lyf, jgj
lyf, tid
lyf, zyj
lyf, hhq
lyf, jiq
zzf, kff
zzf, xch
zzf, hfh
zzf, hkh
zzf, csq
zzf, hyq
zzf, glz
zzf, nnz
zzf, kmm
zzf, szq
zzf, gzq
zzf, giw
zzf, lso
zzf, njs
zzf, whn
zzf, ncg
zzf, ycn
zzf, tjp
zzf, czh
zzf, xms
zzf, fzs
zzf, vuq
zzf, bbh
zzf, cdw
zzf, cqw
zzf, lzj
zzf, yij
zzf, tfr
zzf, xno
zzf, jnk
zzf, qdk
zzf, czh
zzf, shh
zzf, sjp
zzf, hzh
zzf, jgj
zzf, tid
zzf, zyj
hfh, hkh
hfh, njs
hfh, qdk
hfh, srg
hfh, fzs
hfh, xms
hfh, szq
hfh, gzq
hfh, glz
hfh, kmm
hfh, lso
hfh, cdw
hfh, tjp
hfh, wxh
hfh, czh
hfh, csq
hfh, whn
hfh, ncg
hfh, hyq
hfh, nnz
hfh, cqw
hfh, cdw
hfh, hzh
hfh, sjp
hfh, ycn
hfh, tid
njs, bbh
njs, csq
njs, czh
njs, cdw
njs, cqw
njs, dlt
njs, dyh
njs, fzs
njs, gzq
njs, glz
njs, giw
njs, hzh
njs, hhq
njs, hkh
njs, klw
njs, kmm
njs, lzj
njs, ncg
njs, nnz
njs, nuh
njs, shh
njs, srg
njs, syt
njs, szq
njs, tak
njs, tzh
njs, tjp
njs, rdq
njs, whn
njs, wxh
njs, was
njs, xms
njs, xno
njs, ylh
njs, ycn
njs, yij
njs, yuh
njs, zyj
njs, zjh
njs, qdk
njs, ywh
njs, rzh
njs, ngh
njs, jnk
njs, zzf
wxh, czh
wxh, shh
wxh, hzh
wxh, jop
wxh, ywh
oxh, shh
oxh, hzh
oxh, czh
oxh, szq
oxh, gzq
oxh, glz
oxh, hkh
oxh, tjp
oxh, tak
oxh, nnz
oxh, kmm
oxh, ycn
oxh, whn
oxh, csq
oxh, giw
oxh, srg
oxh, jop
oxh, ywh
shh, btc
shh, bjy
shh, cct
shh, csq
shh, czh
shh, cdp
shh, cdw
shh, cqw
shh, dlt
shh, dut
shh, dhj
shh, rlc
shh, fzs
shh, gzq
shh, glz
shh, giw
shh, vuq
shh, hzh
shh, hhq
shh, hkh
shh, jgj
shh, jnk
shh, kff
shh, kmm
shh, lzj
shh, lso
shh, ncg
shh, hyq
shh, bbh
shh, qfk
shh, nnz
shh, pyv
shh, qdk
shh, qfk
shh, shd
shh, szq
shh, syt
shh, sjp
shh, tid
shh, tjp
shh, tfr
shh, was
shh, whn
shh, wrn
shh, wsv
shh, wxh
shh, xms
shh, xno
shh, xch
shh, zyj
shh, diq
shh, rzh
shh, ycn
shh, yij
shh, yak
shh, hsy
shh, srg
shh, yuh
shh, jop
shh, ywh
shh, rzh
shh, ngh
shh, wyg
shh, zzf
shh, tzh
hzh, ngh
hzh, ywh
hzh, rzh
hzh, hkh
hzh, srg
hzh, csq
hzh, whn
hzh, glz
hzh, kmm
hzh, gzq
hzh, szq
hzh, jop
hzh, yuh
hzh, giw
hzh, hhq
hzh, klw
hzh, diq
hzh, cdw
hzh, fzs
hzh, was
hzh, xms
hzh, hyq
hzh, nnz
hzh, cqw
hzh, ycn
hzh, wyg
hzh, tzh
hkh, srg
hkh, csq
hkh, ytg
hkh, hyq
hkh, wyg
hkh, was
hkh, fzs
hkh, xms
hkh, juq
hkh, szq
hkh, gzq
hkh, zzq
hkh, kmm
hkh, hhq
hkh, giw
srg, csq
srg, hhq
srg, ncg
srg, ytg
srg, giw
srg, klw
srg, ywh
srg, fzs
srg, was
srg, xms
srg, szq
whn, cdw
ycn, cdw
ycn, cqw
csq, diq
csq, hhq
csq, jiq
csq, glz
csq, giw
csq, szq
csq, gzq
csq, kmm
csq, nnz
csq, lzz
csq, whn
csq, zzq
csq, hyq
csq, snn
csq, cdw
csq, cqw
csq, klw
diq, jiq
diq, lzz
diq, ycn
diq, giw
diq, hhq
diq, nnz
diq, kmm
jiq, lzz
jiq, hhq
jiq, giw
hhq, giw
hhq, lzz
hhq, klw
hhq, cdw
hhq, kmm
hhq, cqw
hhq, nnz
hhq, zuw
lzz, nnz
lzz, glz
lzz, kmm
lzz, bhz
giw, asw
giw, knw
giw, klw
giw, rdq
giw, zuw
glz, ycz
glz, szq
glz, gzq
glz, giw
glz, swz
glz, gcz
glz, knw
glz, nnz
glz, hxz
glz, kmm
glz, cdw
glz, cqw
glz, zjz
glz, knw
glz, bhz
kmm, dny
kmm, giw
kmm, lhm
kmm, jsm
kmm, cdw
kmm, cqw
kmm, asw
kmm, hbm
kmm, szq
nnz, zjz
nnz, bhz
ncg, lsg
ncg, jjg
ncg, ytg
ncg, xms
ncg, fzs
ncg, szq
ncg, gzq
ncg, zzq
ncg, csq
szq, xms
szq, gzq
szq, fzs
szq, cnq
szq, zus
szq, hcq
szq, cdw
szq, cqw
szq, giw
szq, klw
szq, zhq
gzq, lso
gzq, zhq
gzq, eaq
gzq, zsz
gzq, lzj
gzq, xno
gzq, xms
gzq, vuq
gzq, zjz
gzq, zwq
gzq, seq
gzq, nnz
gzq, kmm
gzq, giw
gzq, qdk
cdw, cqw
cdw, ixw
cdw, ivw
cdw, jfw
cdw, xno
cdw, lzj
cdw, lso
cdw, bjy
cdw, zyj
cdw, jqj
cdw, jgj
cdw, dhr
cdw, tfr
ivw, jfw
ixw, ivw
ixw, jfw
cqw, lzj
cqw, lso
cqw, bjy
cqw, xno
cqw, zyj
cqw, jqj
cqw, jgj
cqw, dhr
cqw, hmr
cqw, tfr
cqw, yij
lzj, bjy
lzj, xno
lzj, zyj
lzj, lso
lzj, jqj
lzj, jgj
lzj, dhr
lzj, hmr
lzj, tfr
lzj, yij
lzj, dhj
xno, bjy
xno, zyj
xno, lso
xno, jqj
xno, jgj
xno, dhr
xno, hmr
xno, tfr
xno, yij
xno, tyv
xno, dhr
zyj, jqj
zyj, jgj
zyj, dhj
zyj, hmr
zyj, tfr
zyj, dtv
zyj, dhr
jgj, dhj
jgj, dhr
jgj, hmr
jgj, tfr
dhr, tfr
xms, fzs
xms, was
xms, qys
xms, ngh
xms, tzh
syt, dut
syt, dlt
syt, jxp
dlt, jxp
dlt, dut
dlt, cct
dut, jxp
BJP,HBB
BJP,HHC
BJP, QTP
BJP, SZH
BJP, WMR
BJP, QTP
HHC, PYV
 XAY, SZH
 XAY, WMR
 XAY, TFR
 XAY,HHC
HHC, BTC
 LYF, SZH
 ZZF, WMR
 ZZF, SZH
 ZZF,HBB
 HFH, SZH
 NJH, HIH
 NJH,HBB
 NJH, UKH
 NJH, WMR
 WXH, SZH
 SZH,HBB
SHH,HBB
SHH,HHC
SHH, SZH
SHH, WMR
SHH, QTP
HBB, VUQ
HBB, SYT
HBB, CCT
HBB, JZD
HBB, DLT
HBB, YWB
HBB, DUT
HBB, SFB
 DIQ, VFQ
 JIQ, VFQ
 KMM,HBB
 SZQ, NJS
 GZQ,HBB
 CDW, IPW
 CDW, WMR
 CDW, WMR
 CDW, VFQ
 IVW, IPW
 IXW, IPW
 CQW, WMR
 LZJ, WMR
 XNO, WMR
 ZYJ, WMR
 JGJ, WMR
 DHR, HMR
 DHR, WMR
 TFR, HMR
 TFR, WMR
 TFR, KSR
 WMR, KSR
 XMS, NJS
